,T5 Prediction,Summary,Original Text
0,upcloud guarantees 100 virtual server and network availability to the customer,the service guarantees 100  virtual server and network availability to the customer,upcloud will guarantee 100  virtual server and network availability to the customer the network will be deemed available if upcloud’s routers and switches are available and responding properly 
1,youtube nbsp,you are being tracked via social media cookies,cookies de réseaux sociaux  facebook  twitter  linkedin  instagram  youtube  pinterest  nbsp générés par les boutons de partage 
2,the court of law governing the terms is in netherlands,the court of law governing the terms is in location netherlands,these terms of use shall be governed by and construed in accordance with the laws of the netherlands 
3,crawlers are not allowed in the event of a commercial use,no spidering or crawling,you may only use a crawler to crawl this web site as permitted by this web site’s robots txt protocol  and ibm may block any crawlers in its sole discretion the use authorized under this agreement is non commercial in nature  e g   you may not sell the content you access on or through this web site   all other use of this site is prohibited 
4,the court of law governing the terms is in netherlands,the court of law governing the terms is in location netherlands,these terms of use shall be governed by and construed in accordance with the laws of the netherlands 
5,social networks may use your personal data to interact with social networks,the service uses social media cookies pixels,social networks   marketing some technologies help you to interact with social networks you are signed into while using patreon  such as logging in with the social network and other features you employ with the social network  or that are allowed in the social network’s privacy policy these may be set and controlled by the social networks  and your preferences with those social networks 
6,you can modify distribute and use the software for any purpose without any restrictions,this is a quick capture of the terms   conditions of this license ,copyright  c  you can modify  distribute and use this software for any purpose without any restrictions as long as you keep this copyright notice intact  the software is provided without any warranty 
7,the court of law governing the terms is in england,the court of law governing the terms is in the uk,this agreement is governed by english law and and any disputes will be decided only by the courts of the united kingdom 
8,your ip address is not stored by brave but may be stored by the service you visited,ip addresses of users are not tracked,your ip address will not be stored by brave  but it may be stored by the website you have visited 
9,the service can send feedback to helloworldcollection december,user feedback is invited,feel free to send feedback to info helloworldcollection de 
10,upcloud guarantees 100 virtual server and network availability to the customer,the service guarantees 100  virtual server and network availability to the customer,upcloud will guarantee 100  virtual server and network availability to the customer the network will be deemed available if upcloud’s routers and switches are available and responding properly 
11,youtube nbsp,you are being tracked via social media cookies,cookies de réseaux sociaux  facebook  twitter  linkedin  instagram  youtube  pinterest  nbsp générés par les boutons de partage 
12,the service can opt out of the sale of your data,the service may sell your data unless you opt out,customers in california should be able to opt out of the sale of their data
13,the court of law governing the terms is in eea,you can request access and deletion of personal data,in accordance with european union privacy law  if you are in the eea you have the following rights in respect of your personal information that we hold  a  right of access 
14,you can delete your logs without a reason,user logs are never stored at any component of infrastructure,we will never keep logs at any component of our infrastructure
15,google does not use trackers for analytics,no third party tracking platforms are used,we do not use google analytics trackers 
16,the service is governed by the laws,users agree to comply with the french law,l utilisateur s engage à se conformer à l ensemble des lois et réglementations en vigueur 
17,you can delete your personal data without notice,eu residents can request access and deletion of personal data ,you have the following rights  subject to some limitations  against arch the right to access your personal data the right to rectify the personal data we hold about you the right to erase your personal data 
18,google analytics may use third party analytics such as appsflyer,third party cookies are used for statistics on the website services,our website may use 3rd parties such as google analytics and third party analytics  such as appsflyer  to better understand how you use the site and ways that we can improve your experience 
19,your ip address is not stored by brave but may be stored by the service you visited,ip addresses of users are not tracked,your ip address will not be stored by brave  but it may be stored by the website you have visited 
