,Pegasus Prediction,Summary,Original Text
0,this service guarantees 100 of its servers are available for service availability,the service guarantees 100  virtual server and network availability to the customer,upcloud will guarantee 100  virtual server and network availability to the customer the network will be deemed available if upcloud’s routers and switches are available and responding properly 
1,the service uses cookies for your personal data,you are being tracked via social media cookies,cookies de réseaux sociaux  facebook  twitter  linkedin  instagram  youtube  pinterest  nbsp générés par les boutons de partage 
2,the court of law governing the terms is in netherlands,the court of law governing the terms is in location netherlands,these terms of use shall be governed by and construed in accordance with the laws of the netherlands 
3,this service allows you to crawl through the content without prior notice,no spidering or crawling,you may only use a crawler to crawl this web site as permitted by this web site’s robots txt protocol  and ibm may block any crawlers in its sole discretion the use authorized under this agreement is non commercial in nature  e g   you may not sell the content you access on or through this web site   all other use of this site is prohibited 
4,the court of law governing the terms is in netherlands,the court of law governing the terms is in location netherlands,these terms of use shall be governed by and construed in accordance with the laws of the netherlands 
5,the service uses your personal data for marketing,the service uses social media cookies pixels,social networks   marketing some technologies help you to interact with social networks you are signed into while using patreon  such as logging in with the social network and other features you employ with the social network  or that are allowed in the social network’s privacy policy these may be set and controlled by the social networks  and your preferences with those social networks 
6,you can modify your copyright license for any purpose,this is a quick capture of the terms   conditions of this license ,copyright  c  you can modify  distribute and use this software for any purpose without any restrictions as long as you keep this copyright notice intact  the software is provided without any warranty 
7,the court of law governing the terms is in english,the court of law governing the terms is in the uk,this agreement is governed by english law and and any disputes will be decided only by the courts of the united kingdom 
8,the service does not store your ip address,ip addresses of users are not tracked,your ip address will not be stored by brave  but it may be stored by the website you have visited 
9,the service allows you to send feedback to infoworld,user feedback is invited,feel free to send feedback to info helloworldcollection de 
10,this service guarantees 100 of its servers are available for service availability,the service guarantees 100  virtual server and network availability to the customer,upcloud will guarantee 100  virtual server and network availability to the customer the network will be deemed available if upcloud’s routers and switches are available and responding properly 
11,the service uses cookies for your personal data,you are being tracked via social media cookies,cookies de réseaux sociaux  facebook  twitter  linkedin  instagram  youtube  pinterest  nbsp générés par les boutons de partage 
12,the service can opt out of the sale of your data,the service may sell your data unless you opt out,customers in california should be able to opt out of the sale of their data
13,the court of law governing the terms is in the eea,you can request access and deletion of personal data,in accordance with european union privacy law  if you are in the eea you have the following rights in respect of your personal information that we hold  a  right of access 
14,the service will never keep logs on any portion of its infrastructure,user logs are never stored at any component of infrastructure,we will never keep logs at any component of our infrastructure
15,this service does not use google analytics trackers,no third party tracking platforms are used,we do not use google analytics trackers 
16,the service is only available to users of the service,users agree to comply with the french law,l utilisateur s engage à se conformer à l ensemble des lois et réglementations en vigueur 
17,you can delete your personal data,eu residents can request access and deletion of personal data ,you have the following rights  subject to some limitations  against arch the right to access your personal data the right to rectify the personal data we hold about you the right to erase your personal data 
18,third party analytics are used for statistics on the website,third party cookies are used for statistics on the website services,our website may use 3rd parties such as google analytics and third party analytics  such as appsflyer  to better understand how you use the site and ways that we can improve your experience 
19,the service does not store your ip address,ip addresses of users are not tracked,your ip address will not be stored by brave  but it may be stored by the website you have visited 
