,BART Prediction,Summary,Original Text
0,the court of law governing the terms is in russia  191024 ,the court of law governing the terms is in location st  petersburg  russia,in these terms and other special documents  the vk site administration  hereinafter the site administration  administration  is understood as llc  v kontakte   a legal entity created under the laws of the russian federation and registered at prem 1 n  bld 12 14  lit a  khersonskaya st   st petersburg  russia  191024 
1,mewe can remove any content without reason and may do it without prior notice,your content can be deleted if you violate the terms,mewe reserves the right to remove objectionable content without notice mewe can remove any content or information you post at mewe if we believe that it violates our terms of service 
2,the service does not use third party targeted advertising or threatening content,users agree not to submit libelous  harassing or threatening content,not use the brainly services do anything unlawful  misleading  malicious  or discriminatory
3,this service employs third party cookies  but with opt out instructions,this service tracks you on other websites,we also use retargeting cookies to present you with patreon advertising on other websites 
4,the service does not use third party targeted advertising or threatening content,users agree not to submit libelous  harassing or threatening content,not use the brainly services do anything unlawful  misleading  malicious  or discriminatory
5,do not track  dnt  headers on this service,this service respects your browsers do not track  dnt  headers,one concrete way we commit to user privacy is by honoring do not track  “dnt”  browser settings there’s no consensus on how best to do this but  we have adopted an approach that we believe honors the fundamental pro privacy aims of the dnt standard 
6,you are solely responsible for your agreement to the service,users are subject to googles privacy policy,by using or visiting the youtube website or any youtube products  software  data feeds  and services provided to you on  from  or through the youtube website  collectively the  service   you signify your agreement to  1  these terms and conditions  the  terms of service     2  googles privacy policy  found at and incorporated herein by reference  and  3  youtubes community guidelines  found at and also incorporated herein by reference 
7,no promotion is accepted for the service,discogs does not condone any ideas contained in the items listed via the service, e  we do not promote or condone any ideas or messages contained in the user generated content available through the service 
8,any liability on behalf of the service is only limited to  1 000,any liability on behalf of the service is only limited to   1 000,and  ii  for any damages  losses and or causes of action exceeding one thousand u s dollars  us  1 000  in the aggregate 
9,this service does not log in user generated content is not really necessary,user logs are never stored at any component of infrastructure,we will never keep logs at any component of our infrastructure
10,the court of law governing the terms is in russia  191024 ,the court of law governing the terms is in location st  petersburg  russia,in these terms and other special documents  the vk site administration  hereinafter the site administration  administration  is understood as llc  v kontakte   a legal entity created under the laws of the russian federation and registered at prem 1 n  bld 12 14  lit a  khersonskaya st   st petersburg  russia  191024 
11,mewe can remove any content without reason and may do it without prior notice,your content can be deleted if you violate the terms,mewe reserves the right to remove objectionable content without notice mewe can remove any content or information you post at mewe if we believe that it violates our terms of service 
12,you shall not impersonate another person or entity,users are not allowed to use pseudonyms  as trust and transparency between users regarding their identities is relevant to the service ,you may not impersonate any person or entity  or otherwise mislead as to the origin of the content you share with carfax when you register you may not use the terms carfax  car fox or any derivatives or such terms as part of your screenname or username 
13,the service can delete your account without prior notice and without a reason,usernames can be rejected or changed for any reason,force forfeiture of any username for any reason 
14,the court of law governing the terms is in location usa,the court of law governing the terms is in a jurisdiction that is less friendly to user privacy protection ,while our policy is based on the us law we apply this same policy globally to all jurisdictions in which our services are available 
15,google analytics  facebook analytics  mixpanel and fabric analytics services are used for statistics,google analytics  facebook analytics  mixpanel and fabric analytic are used for statistics,we use google analytics  facebook analytics  mixpanel and fabric analytic services to be able to address you more relevant messages based on your behavior 
16,defend  indemnify  survives termination,couchsurfing keeps the license on your content  even after you close your account,sections 3 5  release   4  member conduct and content   5  submissions   9  trademarks   11  third party content   14  member’s representations and warranties   15  disclaimer of warranties   16  limits on liability   17  indemnity   19  disputes   and this section 20  miscellaneous  shall survive any termination or expiration of these terms 
17,the service can delete your account without prior notice and without a reason,the service can delete your account without prior notice,these provisions notwithstanding  the administration of the service reserves the right to revoke any users access permissions  at any time  for any reason  except as limited by law 
18,this service is only available to users 13 years old and over,this service is only available to users over 13 years old,if you are under the age of 13  you are not permitted to use the services 
19,any liability on behalf of the service is only limited to  1 000,any liability on behalf of the service is only limited to   1 000,and  ii  for any damages  losses and or causes of action exceeding one thousand u s dollars  us  1 000  in the aggregate 
