,0
0,the service can change terms without notifying you
1,brave only shares user information with third parties when given specific consent
2,uber will use third party cookies for marketing purposes
3,this service is only available to users over 18 years of age
4,the court of law governing the terms is in california usa
5,the service may change its terms without notifying you
6,you can opt out of promotional communications
7,the service may keep personal information after a merger or acquisition
8,spotify gives the opportunity to charge a credit card supplied on re occurring basis
9,scrolling via third party cookies for purposes including the service
10,you are allowed to distribute your content without a restriction
11,this service collects your browser name which can be used to view your approximate location
12,amazon gives no guarantee for quality of service
13,any liability on behalf of the service is only limited to 1 000
14,sim card remotely and without a reason
15,you are subject to erase of personal data
16,the service is open source
17,information is gathered about you through third parties
18,the service explains how to prevent disclosure of personal information to third parties
19,5rr can delete your account for any reason
20,your personal data is collected by the service to ensure quality
21,you agree to comply with the law of the service
22,you are responsible for all activities at your account
23,you agree to comply with social networks
24,helloworldcollection is free to you
25,the court of law governing the terms is in kingdom of english
26,you must provide your identifiable and medical information
27,any liability on behalf of the service is only limited to the fees you paid as a user
28,couchsurfing may own your couchsurfing license
29,you must provide your ip address
30,no logs are kept by the service to ensure quality
31,upcloud guarantees 100 or more access to your network
32,google analytics is used for statistics
33,the service can view your browser history
34,spidering crawling or accessing the site through any automated means is not allowed
35,the service can suspend suspend or disclose your content to any part of the platform
36,this service uses third party analytics for statistics
37,you waive your moral rights
38,the service can delete your account without reason and may do it without prior notice
39,the service rules for this service
40,the service can view your private content without a reason
41,this service grants users the right to use all of this service
42,you can opt out of sale
43,the court of law governing the terms is in netherlands
44,this service does not share or share user data with third parties
45,this service only uses third party cookies but with opt out instructions
46,the court of law governing the terms is in your country of law
47,the service claims to be ccpa compliant for european users
48,the service is last updated on its terms of service
49,this service allows you to use cookies for statistics
50,this service is only available to users over 16 years old
51,facebook is not really promoted by you
52,you can retrieve an archive of your data
